assessment_id,assessment_name,course_id,total_marks
31,Assessment 31,397,75
32,Assessment 32,157,100
33,Assessment 33,942,80
34,Assessment 34,61,100
35,Assessment 35,952,60
36,Assessment 36,137,50
37,Assessment 37,323,60
38,Assessment 38,157,75
39,Assessment 39,753,60
40,Assessment 40,929,100
41,Assessment 41,731,50
42,Assessment 42,151,100
43,Assessment 43,778,80
44,Assessment 44,399,80
45,Assessment 45,303,75
46,Assessment 46,567,50
47,Assessment 47,661,80
48,Assessment 48,646,100
49,Assessment 49,136,50
50,Assessment 50,37,75
51,Assessment 51,420,75
52,Assessment 52,927,75
53,Assessment 53,663,50
54,Assessment 54,293,80
55,Assessment 55,124,60
56,Assessment 56,757,100
57,Assessment 57,716,50
58,Assessment 58,956,80
59,Assessment 59,828,50
60,Assessment 60,682,60
61,Assessment 61,177,75
62,Assessment 62,394,100
63,Assessment 63,624,100
64,Assessment 64,436,100
65,Assessment 65,824,50
66,Assessment 66,400,60
67,Assessment 67,586,50
68,Assessment 68,236,75
69,Assessment 69,664,100
70,Assessment 70,347,100
71,Assessment 71,632,75
72,Assessment 72,831,50
73,Assessment 73,425,75
74,Assessment 74,677,60
75,Assessment 75,759,50
76,Assessment 76,507,80
77,Assessment 77,559,100
78,Assessment 78,892,50
79,Assessment 79,251,75
80,Assessment 80,246,100
81,Assessment 81,166,60
82,Assessment 82,198,50
83,Assessment 83,638,80
84,Assessment 84,893,75
85,Assessment 85,785,75
86,Assessment 86,580,100
87,Assessment 87,102,80
88,Assessment 88,834,80
89,Assessment 89,756,50
90,Assessment 90,665,50
91,Assessment 91,370,60
92,Assessment 92,605,50
93,Assessment 93,279,60
94,Assessment 94,740,60
95,Assessment 95,514,100
96,Assessment 96,178,50
97,Assessment 97,475,50
98,Assessment 98,393,100
99,Assessment 99,772,75
100,Assessment 100,354,60
101,Assessment 101,386,60
102,Assessment 102,345,60
103,Assessment 103,843,100
104,Assessment 104,731,75
105,Assessment 105,706,60
106,Assessment 106,463,100
107,Assessment 107,625,75
108,Assessment 108,595,80
109,Assessment 109,587,100
110,Assessment 110,752,80
111,Assessment 111,369,60
112,Assessment 112,918,50
113,Assessment 113,206,60
114,Assessment 114,449,60
115,Assessment 115,82,80
116,Assessment 116,755,60
117,Assessment 117,106,80
118,Assessment 118,662,50
119,Assessment 119,751,100
120,Assessment 120,299,100
121,Assessment 121,905,75
122,Assessment 122,209,60
123,Assessment 123,57,50
124,Assessment 124,675,75
125,Assessment 125,397,100
126,Assessment 126,333,75
127,Assessment 127,592,50
128,Assessment 128,102,75
129,Assessment 129,244,75
130,Assessment 130,523,60
131,Assessment 131,1003,80
132,Assessment 132,633,60
133,Assessment 133,780,50
134,Assessment 134,41,50
135,Assessment 135,851,50
136,Assessment 136,68,60
137,Assessment 137,667,75
138,Assessment 138,978,60
139,Assessment 139,404,75
140,Assessment 140,593,75
141,Assessment 141,46,60
142,Assessment 142,469,100
143,Assessment 143,837,50
144,Assessment 144,661,75
145,Assessment 145,487,100
146,Assessment 146,84,100
147,Assessment 147,478,75
148,Assessment 148,380,60
149,Assessment 149,397,80
150,Assessment 150,263,60
151,Assessment 151,200,60
152,Assessment 152,182,60
153,Assessment 153,762,50
154,Assessment 154,599,80
155,Assessment 155,978,50
156,Assessment 156,504,60
157,Assessment 157,656,75
158,Assessment 158,219,100
159,Assessment 159,251,50
160,Assessment 160,663,50
161,Assessment 161,897,75
162,Assessment 162,135,100
163,Assessment 163,345,80
164,Assessment 164,707,60
165,Assessment 165,510,75
166,Assessment 166,89,50
167,Assessment 167,31,100
168,Assessment 168,640,50
169,Assessment 169,434,75
170,Assessment 170,913,60
171,Assessment 171,287,50
172,Assessment 172,712,75
173,Assessment 173,594,50
174,Assessment 174,414,75
175,Assessment 175,782,100
176,Assessment 176,538,60
177,Assessment 177,440,75
178,Assessment 178,197,100
179,Assessment 179,521,60
180,Assessment 180,229,75
181,Assessment 181,211,100
182,Assessment 182,587,50
183,Assessment 183,34,80
184,Assessment 184,400,100
185,Assessment 185,137,60
186,Assessment 186,453,100
187,Assessment 187,344,60
188,Assessment 188,302,100
189,Assessment 189,262,80
190,Assessment 190,256,75
191,Assessment 191,594,75
192,Assessment 192,965,80
193,Assessment 193,351,60
194,Assessment 194,888,75
195,Assessment 195,423,50
196,Assessment 196,294,75
197,Assessment 197,397,60
198,Assessment 198,183,75
199,Assessment 199,682,75
200,Assessment 200,729,80
201,Assessment 201,854,50
202,Assessment 202,351,60
203,Assessment 203,137,60
204,Assessment 204,652,60
205,Assessment 205,468,50
206,Assessment 206,410,60
207,Assessment 207,119,50
208,Assessment 208,776,100
209,Assessment 209,806,50
210,Assessment 210,689,100
211,Assessment 211,369,100
212,Assessment 212,525,60
213,Assessment 213,108,60
214,Assessment 214,181,60
215,Assessment 215,618,75
216,Assessment 216,902,80
217,Assessment 217,421,100
218,Assessment 218,392,100
219,Assessment 219,361,50
220,Assessment 220,368,100
221,Assessment 221,323,75
222,Assessment 222,72,80
223,Assessment 223,558,80
224,Assessment 224,906,100
225,Assessment 225,631,100
226,Assessment 226,398,100
227,Assessment 227,506,75
228,Assessment 228,432,50
229,Assessment 229,487,100
230,Assessment 230,764,60
231,Assessment 231,321,75
232,Assessment 232,1008,50
233,Assessment 233,699,50
234,Assessment 234,601,75
235,Assessment 235,169,50
236,Assessment 236,735,60
237,Assessment 237,536,80
238,Assessment 238,841,60
239,Assessment 239,332,75
240,Assessment 240,568,75
241,Assessment 241,469,75
242,Assessment 242,74,75
243,Assessment 243,847,80
244,Assessment 244,131,50
245,Assessment 245,768,60
246,Assessment 246,90,80
247,Assessment 247,935,50
248,Assessment 248,935,75
249,Assessment 249,146,60
250,Assessment 250,906,75
251,Assessment 251,705,75
252,Assessment 252,478,60
253,Assessment 253,143,60
254,Assessment 254,503,75
255,Assessment 255,380,75
256,Assessment 256,731,80
257,Assessment 257,146,80
258,Assessment 258,171,100
259,Assessment 259,149,75
260,Assessment 260,445,75
261,Assessment 261,405,100
262,Assessment 262,181,75
263,Assessment 263,479,80
264,Assessment 264,428,60
265,Assessment 265,271,75
266,Assessment 266,344,60
267,Assessment 267,906,100
268,Assessment 268,490,50
269,Assessment 269,991,75
270,Assessment 270,216,80
271,Assessment 271,703,100
272,Assessment 272,360,50
273,Assessment 273,315,80
274,Assessment 274,791,100
275,Assessment 275,694,50
276,Assessment 276,707,60
277,Assessment 277,653,80
278,Assessment 278,728,100
279,Assessment 279,415,100
280,Assessment 280,448,60
281,Assessment 281,301,80
282,Assessment 282,714,75
283,Assessment 283,128,75
284,Assessment 284,883,75
285,Assessment 285,713,60
286,Assessment 286,788,75
287,Assessment 287,475,60
288,Assessment 288,246,50
289,Assessment 289,274,60
290,Assessment 290,677,75
291,Assessment 291,98,60
292,Assessment 292,403,100
293,Assessment 293,536,75
294,Assessment 294,851,75
295,Assessment 295,769,60
296,Assessment 296,362,60
297,Assessment 297,406,75
298,Assessment 298,394,80
299,Assessment 299,500,60
300,Assessment 300,37,80
301,Assessment 301,210,100
302,Assessment 302,186,60
303,Assessment 303,883,50
304,Assessment 304,399,50
305,Assessment 305,764,50
306,Assessment 306,768,50
307,Assessment 307,288,75
308,Assessment 308,868,50
309,Assessment 309,112,50
310,Assessment 310,969,80
311,Assessment 311,686,50
312,Assessment 312,128,50
313,Assessment 313,290,80
314,Assessment 314,265,50
315,Assessment 315,51,60
316,Assessment 316,775,60
317,Assessment 317,230,60
318,Assessment 318,76,100
319,Assessment 319,953,80
320,Assessment 320,168,75
321,Assessment 321,804,60
322,Assessment 322,175,60
323,Assessment 323,794,50
324,Assessment 324,939,80
325,Assessment 325,921,60
326,Assessment 326,511,80
327,Assessment 327,206,50
328,Assessment 328,597,50
329,Assessment 329,419,50
330,Assessment 330,902,60
331,Assessment 331,590,75
332,Assessment 332,78,80
333,Assessment 333,698,50
334,Assessment 334,805,100
335,Assessment 335,712,50
336,Assessment 336,558,50
337,Assessment 337,467,80
338,Assessment 338,445,60
339,Assessment 339,463,60
340,Assessment 340,712,60
341,Assessment 341,331,100
342,Assessment 342,133,60
343,Assessment 343,873,60
344,Assessment 344,466,100
345,Assessment 345,108,60
346,Assessment 346,650,50
347,Assessment 347,185,80
348,Assessment 348,965,80
349,Assessment 349,408,80
350,Assessment 350,956,100
351,Assessment 351,976,75
352,Assessment 352,752,80
353,Assessment 353,369,60
354,Assessment 354,883,75
355,Assessment 355,762,75
356,Assessment 356,338,60
357,Assessment 357,565,50
358,Assessment 358,234,75
359,Assessment 359,437,100
360,Assessment 360,147,100
361,Assessment 361,785,80
362,Assessment 362,342,100
363,Assessment 363,166,100
364,Assessment 364,640,50
365,Assessment 365,77,80
366,Assessment 366,36,50
367,Assessment 367,835,100
368,Assessment 368,904,80
369,Assessment 369,509,60
370,Assessment 370,596,100
371,Assessment 371,1023,50
372,Assessment 372,763,80
373,Assessment 373,38,60
374,Assessment 374,486,50
375,Assessment 375,480,60
376,Assessment 376,276,100
377,Assessment 377,42,80
378,Assessment 378,804,50
379,Assessment 379,418,75
380,Assessment 380,399,50
381,Assessment 381,360,60
382,Assessment 382,910,75
383,Assessment 383,214,100
384,Assessment 384,671,80
385,Assessment 385,114,75
386,Assessment 386,152,100
387,Assessment 387,503,100
388,Assessment 388,753,50
389,Assessment 389,1019,75
390,Assessment 390,292,75
391,Assessment 391,152,50
392,Assessment 392,232,60
393,Assessment 393,634,75
394,Assessment 394,47,50
395,Assessment 395,749,50
396,Assessment 396,946,60
397,Assessment 397,740,75
398,Assessment 398,729,100
399,Assessment 399,691,100
400,Assessment 400,897,60
401,Assessment 401,246,80
402,Assessment 402,824,80
403,Assessment 403,339,80
404,Assessment 404,456,75
405,Assessment 405,644,100
406,Assessment 406,346,50
407,Assessment 407,341,50
408,Assessment 408,135,75
409,Assessment 409,37,75
410,Assessment 410,889,50
411,Assessment 411,312,80
412,Assessment 412,189,100
413,Assessment 413,638,80
414,Assessment 414,603,60
415,Assessment 415,679,100
416,Assessment 416,180,75
417,Assessment 417,671,75
418,Assessment 418,240,75
419,Assessment 419,479,50
420,Assessment 420,237,75
421,Assessment 421,967,50
422,Assessment 422,198,75
423,Assessment 423,274,75
424,Assessment 424,584,100
425,Assessment 425,1015,100
426,Assessment 426,285,75
427,Assessment 427,146,80
428,Assessment 428,729,80
429,Assessment 429,165,60
430,Assessment 430,779,60
431,Assessment 431,812,75
432,Assessment 432,894,60
433,Assessment 433,356,60
434,Assessment 434,131,75
435,Assessment 435,169,75
436,Assessment 436,59,100
437,Assessment 437,74,100
438,Assessment 438,64,50
439,Assessment 439,876,50
440,Assessment 440,56,75
441,Assessment 441,81,60
442,Assessment 442,956,50
443,Assessment 443,844,100
444,Assessment 444,596,100
445,Assessment 445,278,100
446,Assessment 446,530,60
447,Assessment 447,436,100
448,Assessment 448,790,60
449,Assessment 449,958,80
450,Assessment 450,37,50
451,Assessment 451,166,60
452,Assessment 452,193,60
453,Assessment 453,526,100
454,Assessment 454,418,75
455,Assessment 455,998,50
456,Assessment 456,257,75
457,Assessment 457,519,75
458,Assessment 458,639,75
459,Assessment 459,626,60
460,Assessment 460,65,80
461,Assessment 461,401,100
462,Assessment 462,416,60
463,Assessment 463,617,60
464,Assessment 464,492,80
465,Assessment 465,494,80
466,Assessment 466,757,60
467,Assessment 467,954,80
468,Assessment 468,150,60
469,Assessment 469,180,50
470,Assessment 470,465,100
471,Assessment 471,301,60
472,Assessment 472,628,50
473,Assessment 473,965,100
474,Assessment 474,984,75
475,Assessment 475,171,60
476,Assessment 476,238,50
477,Assessment 477,605,75
478,Assessment 478,299,80
479,Assessment 479,617,60
480,Assessment 480,1003,80
481,Assessment 481,93,75
482,Assessment 482,430,100
483,Assessment 483,880,80
484,Assessment 484,879,100
485,Assessment 485,784,80
486,Assessment 486,866,100
487,Assessment 487,830,80
488,Assessment 488,585,75
489,Assessment 489,666,60
490,Assessment 490,466,50
491,Assessment 491,327,75
492,Assessment 492,442,75
493,Assessment 493,944,50
494,Assessment 494,138,75
495,Assessment 495,981,75
496,Assessment 496,591,60
497,Assessment 497,995,60
498,Assessment 498,657,60
499,Assessment 499,826,60
500,Assessment 500,956,50
501,Assessment 501,778,50
502,Assessment 502,845,50
503,Assessment 503,421,75
504,Assessment 504,1030,80
505,Assessment 505,774,75
506,Assessment 506,374,100
507,Assessment 507,896,60
508,Assessment 508,596,50
509,Assessment 509,402,100
510,Assessment 510,194,100
511,Assessment 511,358,50
512,Assessment 512,597,100
513,Assessment 513,757,50
514,Assessment 514,347,100
515,Assessment 515,455,50
516,Assessment 516,349,50
517,Assessment 517,568,75
518,Assessment 518,165,60
519,Assessment 519,208,100
520,Assessment 520,673,60
521,Assessment 521,537,80
522,Assessment 522,523,100
523,Assessment 523,595,50
524,Assessment 524,603,50
525,Assessment 525,599,100
526,Assessment 526,375,75
527,Assessment 527,405,80
528,Assessment 528,236,80
529,Assessment 529,205,50
530,Assessment 530,190,60
531,Assessment 531,966,50
532,Assessment 532,1000,80
533,Assessment 533,989,80
534,Assessment 534,594,50
535,Assessment 535,505,80
536,Assessment 536,623,75
537,Assessment 537,610,50
538,Assessment 538,522,75
539,Assessment 539,890,75
540,Assessment 540,574,50
541,Assessment 541,584,75
542,Assessment 542,647,80
543,Assessment 543,831,75
544,Assessment 544,983,75
545,Assessment 545,601,80
546,Assessment 546,32,80
547,Assessment 547,303,60
548,Assessment 548,451,60
549,Assessment 549,744,50
550,Assessment 550,952,60
551,Assessment 551,742,80
552,Assessment 552,260,60
553,Assessment 553,341,75
554,Assessment 554,862,75
555,Assessment 555,810,80
556,Assessment 556,317,60
557,Assessment 557,277,60
558,Assessment 558,179,80
559,Assessment 559,1016,100
560,Assessment 560,345,100
561,Assessment 561,149,80
562,Assessment 562,728,80
563,Assessment 563,51,50
564,Assessment 564,398,100
565,Assessment 565,699,50
566,Assessment 566,239,100
567,Assessment 567,1015,50
568,Assessment 568,76,100
569,Assessment 569,121,100
570,Assessment 570,524,60
571,Assessment 571,337,80
572,Assessment 572,480,60
573,Assessment 573,990,75
574,Assessment 574,714,100
575,Assessment 575,385,60
576,Assessment 576,825,60
577,Assessment 577,765,80
578,Assessment 578,126,80
579,Assessment 579,974,80
580,Assessment 580,46,75
581,Assessment 581,980,50
582,Assessment 582,846,80
583,Assessment 583,191,75
584,Assessment 584,804,50
585,Assessment 585,654,50
586,Assessment 586,139,80
587,Assessment 587,772,100
588,Assessment 588,472,100
589,Assessment 589,865,75
590,Assessment 590,100,60
591,Assessment 591,527,80
592,Assessment 592,853,50
593,Assessment 593,937,80
594,Assessment 594,424,50
595,Assessment 595,988,60
596,Assessment 596,400,100
597,Assessment 597,667,100
598,Assessment 598,674,100
599,Assessment 599,687,50
600,Assessment 600,608,60
601,Assessment 601,181,100
602,Assessment 602,151,60
603,Assessment 603,892,80
604,Assessment 604,747,50
605,Assessment 605,459,75
606,Assessment 606,191,80
607,Assessment 607,85,60
608,Assessment 608,978,50
609,Assessment 609,720,50
610,Assessment 610,243,100
611,Assessment 611,878,100
612,Assessment 612,241,80
613,Assessment 613,755,75
614,Assessment 614,359,75
615,Assessment 615,105,50
616,Assessment 616,877,50
617,Assessment 617,668,60
618,Assessment 618,413,75
619,Assessment 619,990,80
620,Assessment 620,218,75
621,Assessment 621,727,75
622,Assessment 622,676,100
623,Assessment 623,435,80
624,Assessment 624,517,60
625,Assessment 625,190,75
626,Assessment 626,357,75
627,Assessment 627,817,100
628,Assessment 628,122,100
629,Assessment 629,342,60
630,Assessment 630,879,100
631,Assessment 631,66,100
632,Assessment 632,471,75
633,Assessment 633,35,100
634,Assessment 634,468,60
635,Assessment 635,309,80
636,Assessment 636,475,80
637,Assessment 637,924,100
638,Assessment 638,508,100
639,Assessment 639,894,100
640,Assessment 640,973,75
641,Assessment 641,871,50
642,Assessment 642,264,100
643,Assessment 643,411,100
644,Assessment 644,458,60
645,Assessment 645,893,50
646,Assessment 646,761,75
647,Assessment 647,545,80
648,Assessment 648,814,80
649,Assessment 649,950,75
650,Assessment 650,457,60
651,Assessment 651,372,80
652,Assessment 652,558,100
653,Assessment 653,176,80
654,Assessment 654,251,100
655,Assessment 655,197,100
656,Assessment 656,694,100
657,Assessment 657,221,60
658,Assessment 658,221,50
659,Assessment 659,825,80
660,Assessment 660,933,80
661,Assessment 661,932,50
662,Assessment 662,665,60
663,Assessment 663,873,100
664,Assessment 664,545,50
665,Assessment 665,456,60
666,Assessment 666,106,80
667,Assessment 667,255,75
668,Assessment 668,116,75
669,Assessment 669,159,80
670,Assessment 670,348,100
671,Assessment 671,591,75
672,Assessment 672,647,80
673,Assessment 673,849,50
674,Assessment 674,708,75
675,Assessment 675,209,80
676,Assessment 676,589,80
677,Assessment 677,516,60
678,Assessment 678,665,80
679,Assessment 679,643,80
680,Assessment 680,676,60
681,Assessment 681,217,100
682,Assessment 682,166,80
683,Assessment 683,559,60
684,Assessment 684,660,50
685,Assessment 685,699,60
686,Assessment 686,645,60
687,Assessment 687,770,75
688,Assessment 688,425,50
689,Assessment 689,550,50
690,Assessment 690,101,60
691,Assessment 691,901,60
692,Assessment 692,405,75
693,Assessment 693,201,100
694,Assessment 694,902,60
695,Assessment 695,117,60
696,Assessment 696,850,100
697,Assessment 697,307,60
698,Assessment 698,93,50
699,Assessment 699,493,50
700,Assessment 700,580,75
701,Assessment 701,454,50
702,Assessment 702,781,60
703,Assessment 703,272,100
704,Assessment 704,199,80
705,Assessment 705,678,50
706,Assessment 706,920,100
707,Assessment 707,57,50
708,Assessment 708,430,80
709,Assessment 709,337,60
710,Assessment 710,832,60
711,Assessment 711,701,100
712,Assessment 712,197,80
713,Assessment 713,390,60
714,Assessment 714,791,50
715,Assessment 715,242,75
716,Assessment 716,222,60
717,Assessment 717,493,75
718,Assessment 718,365,100
719,Assessment 719,558,80
720,Assessment 720,432,100
721,Assessment 721,425,60
722,Assessment 722,174,75
723,Assessment 723,421,50
724,Assessment 724,560,100
725,Assessment 725,144,100
726,Assessment 726,849,80
727,Assessment 727,483,60
728,Assessment 728,991,60
729,Assessment 729,468,100
730,Assessment 730,596,100
731,Assessment 731,458,100
732,Assessment 732,957,75
733,Assessment 733,323,50
734,Assessment 734,692,75
735,Assessment 735,777,80
736,Assessment 736,557,100
737,Assessment 737,591,60
738,Assessment 738,640,100
739,Assessment 739,837,80
740,Assessment 740,949,100
741,Assessment 741,252,60
742,Assessment 742,1030,60
743,Assessment 743,294,75
744,Assessment 744,1015,50
745,Assessment 745,201,60
746,Assessment 746,1011,50
747,Assessment 747,203,75
748,Assessment 748,776,50
749,Assessment 749,90,100
750,Assessment 750,918,80
751,Assessment 751,466,100
752,Assessment 752,168,60
753,Assessment 753,494,100
754,Assessment 754,99,80
755,Assessment 755,862,100
756,Assessment 756,493,60
757,Assessment 757,538,60
758,Assessment 758,553,80
759,Assessment 759,854,100
760,Assessment 760,100,75
761,Assessment 761,203,100
762,Assessment 762,872,75
763,Assessment 763,205,60
764,Assessment 764,71,60
765,Assessment 765,185,100
766,Assessment 766,515,100
767,Assessment 767,601,100
768,Assessment 768,576,75
769,Assessment 769,164,100
770,Assessment 770,298,80
771,Assessment 771,59,50
772,Assessment 772,75,75
773,Assessment 773,134,50
774,Assessment 774,590,80
775,Assessment 775,467,60
776,Assessment 776,719,50
777,Assessment 777,915,60
778,Assessment 778,348,60
779,Assessment 779,162,80
780,Assessment 780,704,80
781,Assessment 781,362,50
782,Assessment 782,377,75
783,Assessment 783,46,80
784,Assessment 784,193,75
785,Assessment 785,826,100
786,Assessment 786,258,50
787,Assessment 787,801,80
788,Assessment 788,681,60
789,Assessment 789,211,75
790,Assessment 790,277,80
791,Assessment 791,958,80
792,Assessment 792,206,80
793,Assessment 793,54,100
794,Assessment 794,928,75
795,Assessment 795,411,100
796,Assessment 796,264,60
797,Assessment 797,103,80
798,Assessment 798,513,50
799,Assessment 799,655,60
800,Assessment 800,644,100
801,Assessment 801,944,75
802,Assessment 802,773,50
803,Assessment 803,630,80
804,Assessment 804,60,60
805,Assessment 805,423,50
806,Assessment 806,898,75
807,Assessment 807,627,75
808,Assessment 808,321,100
809,Assessment 809,743,100
810,Assessment 810,110,50
811,Assessment 811,308,100
812,Assessment 812,599,50
813,Assessment 813,499,75
814,Assessment 814,701,100
815,Assessment 815,131,60
816,Assessment 816,315,60
817,Assessment 817,278,80
818,Assessment 818,95,100
819,Assessment 819,274,75
820,Assessment 820,818,75
821,Assessment 821,39,100
822,Assessment 822,244,100
823,Assessment 823,117,60
824,Assessment 824,902,100
825,Assessment 825,920,80
826,Assessment 826,694,80
827,Assessment 827,36,60
828,Assessment 828,628,100
829,Assessment 829,835,60
830,Assessment 830,51,100
831,Assessment 831,45,50
832,Assessment 832,162,60
833,Assessment 833,861,80
834,Assessment 834,88,80
835,Assessment 835,780,75
836,Assessment 836,432,75
837,Assessment 837,378,80
838,Assessment 838,863,50
839,Assessment 839,915,60
840,Assessment 840,433,60
841,Assessment 841,354,80
842,Assessment 842,431,100
843,Assessment 843,158,80
844,Assessment 844,121,75
845,Assessment 845,303,75
846,Assessment 846,90,50
847,Assessment 847,595,80
848,Assessment 848,143,80
849,Assessment 849,207,60
850,Assessment 850,989,60
851,Assessment 851,907,75
852,Assessment 852,762,80
853,Assessment 853,645,80
854,Assessment 854,394,100
855,Assessment 855,667,75
856,Assessment 856,814,60
857,Assessment 857,257,100
858,Assessment 858,65,80
859,Assessment 859,76,100
860,Assessment 860,780,100
861,Assessment 861,602,50
862,Assessment 862,704,100
863,Assessment 863,127,100
864,Assessment 864,431,75
865,Assessment 865,381,75
866,Assessment 866,42,75
867,Assessment 867,648,60
868,Assessment 868,804,60
869,Assessment 869,423,50
870,Assessment 870,35,60
871,Assessment 871,166,100
872,Assessment 872,1003,60
873,Assessment 873,1018,60
874,Assessment 874,1015,75
875,Assessment 875,442,80
876,Assessment 876,71,100
877,Assessment 877,279,100
878,Assessment 878,750,75
879,Assessment 879,814,75
880,Assessment 880,216,50
881,Assessment 881,445,75
882,Assessment 882,111,80
883,Assessment 883,99,100
884,Assessment 884,559,50
885,Assessment 885,897,75
886,Assessment 886,44,100
887,Assessment 887,354,100
888,Assessment 888,195,100
889,Assessment 889,126,50
890,Assessment 890,269,80
891,Assessment 891,869,100
892,Assessment 892,92,80
893,Assessment 893,447,60
894,Assessment 894,804,100
895,Assessment 895,817,100
896,Assessment 896,658,75
897,Assessment 897,460,50
898,Assessment 898,690,50
899,Assessment 899,703,75
900,Assessment 900,608,80
901,Assessment 901,753,100
902,Assessment 902,886,75
903,Assessment 903,272,100
904,Assessment 904,990,50
905,Assessment 905,200,100
906,Assessment 906,488,60
907,Assessment 907,790,100
908,Assessment 908,780,60
909,Assessment 909,79,80
910,Assessment 910,772,50
911,Assessment 911,674,100
912,Assessment 912,594,50
913,Assessment 913,140,50
914,Assessment 914,57,75
915,Assessment 915,399,80
916,Assessment 916,890,75
917,Assessment 917,810,50
918,Assessment 918,564,100
919,Assessment 919,141,75
920,Assessment 920,1028,80
921,Assessment 921,379,60
922,Assessment 922,62,80
923,Assessment 923,778,50
924,Assessment 924,659,75
925,Assessment 925,1017,100
926,Assessment 926,748,100
927,Assessment 927,944,60
928,Assessment 928,432,80
929,Assessment 929,110,50
930,Assessment 930,652,80
931,Assessment 931,930,60
932,Assessment 932,656,50
933,Assessment 933,916,100
934,Assessment 934,289,80
935,Assessment 935,80,100
936,Assessment 936,31,80
937,Assessment 937,634,80
938,Assessment 938,538,75
939,Assessment 939,696,80
940,Assessment 940,331,60
941,Assessment 941,633,60
942,Assessment 942,716,75
943,Assessment 943,365,75
944,Assessment 944,663,75
945,Assessment 945,78,75
946,Assessment 946,69,60
947,Assessment 947,284,50
948,Assessment 948,471,50
949,Assessment 949,438,100
950,Assessment 950,900,100
951,Assessment 951,936,100
952,Assessment 952,339,100
953,Assessment 953,127,100
954,Assessment 954,283,80
955,Assessment 955,718,50
956,Assessment 956,683,50
957,Assessment 957,372,60
958,Assessment 958,371,100
959,Assessment 959,291,75
960,Assessment 960,907,80
961,Assessment 961,206,60
962,Assessment 962,837,100
963,Assessment 963,808,50
964,Assessment 964,485,100
965,Assessment 965,1023,75
966,Assessment 966,528,100
967,Assessment 967,88,75
968,Assessment 968,771,75
969,Assessment 969,613,100
970,Assessment 970,744,60
971,Assessment 971,283,75
972,Assessment 972,973,75
973,Assessment 973,321,60
974,Assessment 974,982,80
975,Assessment 975,814,75
976,Assessment 976,197,100
977,Assessment 977,360,75
978,Assessment 978,1029,75
979,Assessment 979,807,100
980,Assessment 980,591,50
981,Assessment 981,278,60
982,Assessment 982,263,60
983,Assessment 983,909,75
984,Assessment 984,741,100
985,Assessment 985,547,60
986,Assessment 986,968,50
987,Assessment 987,1023,100
988,Assessment 988,385,75
989,Assessment 989,59,50
990,Assessment 990,580,80
991,Assessment 991,629,100
992,Assessment 992,157,75
993,Assessment 993,694,60
994,Assessment 994,155,100
995,Assessment 995,770,75
996,Assessment 996,267,80
997,Assessment 997,59,80
998,Assessment 998,884,100
999,Assessment 999,31,100
1000,Assessment 1000,927,60
1001,Assessment 1001,922,50
1002,Assessment 1002,360,80
1003,Assessment 1003,294,60
1004,Assessment 1004,441,75
1005,Assessment 1005,872,100
1006,Assessment 1006,372,75
1007,Assessment 1007,533,50
1008,Assessment 1008,39,75
1009,Assessment 1009,996,60
1010,Assessment 1010,761,50
1011,Assessment 1011,104,100
1012,Assessment 1012,973,60
1013,Assessment 1013,180,50
1014,Assessment 1014,564,75
1015,Assessment 1015,850,75
1016,Assessment 1016,744,60
1017,Assessment 1017,253,100
1018,Assessment 1018,60,60
1019,Assessment 1019,877,80
1020,Assessment 1020,822,60
1021,Assessment 1021,819,75
1022,Assessment 1022,741,60
1023,Assessment 1023,376,80
1024,Assessment 1024,205,100
1025,Assessment 1025,434,100
1026,Assessment 1026,214,75
1027,Assessment 1027,189,75
1028,Assessment 1028,658,75
1029,Assessment 1029,600,60
1030,Assessment 1030,837,50
1031,Assessment 1031,138,80
1032,Assessment 1032,577,100
1033,Assessment 1033,987,75
1034,Assessment 1034,928,50
1035,Assessment 1035,605,50
1036,Assessment 1036,586,60
1037,Assessment 1037,579,80
1038,Assessment 1038,410,50
1039,Assessment 1039,544,80
1040,Assessment 1040,300,80
1041,Assessment 1041,340,75
1042,Assessment 1042,747,50
1043,Assessment 1043,455,50
1044,Assessment 1044,654,75
1045,Assessment 1045,225,75
1046,Assessment 1046,543,100
1047,Assessment 1047,150,75
1048,Assessment 1048,836,60
1049,Assessment 1049,422,75
1050,Assessment 1050,37,60
1051,Assessment 1051,323,60
1052,Assessment 1052,112,75
1053,Assessment 1053,781,80
1054,Assessment 1054,275,60
1055,Assessment 1055,614,80
1056,Assessment 1056,833,100
1057,Assessment 1057,1030,80
1058,Assessment 1058,592,50
1059,Assessment 1059,913,100
1060,Assessment 1060,871,75
1061,Assessment 1061,618,80
1062,Assessment 1062,218,75
1063,Assessment 1063,452,100
1064,Assessment 1064,424,60
1065,Assessment 1065,943,75
1066,Assessment 1066,682,50
1067,Assessment 1067,118,80
1068,Assessment 1068,441,100
1069,Assessment 1069,706,100
1070,Assessment 1070,393,60
1071,Assessment 1071,725,50
1072,Assessment 1072,305,75
1073,Assessment 1073,316,100
1074,Assessment 1074,351,80
1075,Assessment 1075,773,100
1076,Assessment 1076,55,50
1077,Assessment 1077,607,75
1078,Assessment 1078,621,100
1079,Assessment 1079,462,50
1080,Assessment 1080,328,50
1081,Assessment 1081,594,60
1082,Assessment 1082,749,60
1083,Assessment 1083,793,80
1084,Assessment 1084,804,100
1085,Assessment 1085,774,60
1086,Assessment 1086,321,80
1087,Assessment 1087,890,50
1088,Assessment 1088,62,80
1089,Assessment 1089,904,75
1090,Assessment 1090,181,100
1091,Assessment 1091,335,100
1092,Assessment 1092,259,75
1093,Assessment 1093,1017,60
1094,Assessment 1094,635,80
1095,Assessment 1095,154,100
1096,Assessment 1096,553,75
1097,Assessment 1097,244,80
1098,Assessment 1098,809,50
1099,Assessment 1099,303,75
1100,Assessment 1100,596,60
1101,Assessment 1101,332,100
1102,Assessment 1102,67,75
1103,Assessment 1103,445,60
1104,Assessment 1104,57,60
1105,Assessment 1105,901,75
1106,Assessment 1106,74,100
1107,Assessment 1107,231,80
1108,Assessment 1108,914,60
1109,Assessment 1109,590,100
1110,Assessment 1110,195,75
1111,Assessment 1111,192,50
1112,Assessment 1112,66,80
1113,Assessment 1113,163,80
1114,Assessment 1114,396,100
1115,Assessment 1115,814,100
1116,Assessment 1116,766,50
1117,Assessment 1117,137,60
1118,Assessment 1118,838,75
1119,Assessment 1119,148,80
1120,Assessment 1120,744,50
1121,Assessment 1121,994,50
1122,Assessment 1122,120,80
1123,Assessment 1123,712,60
1124,Assessment 1124,901,75
1125,Assessment 1125,674,100
1126,Assessment 1126,142,50
1127,Assessment 1127,187,50
1128,Assessment 1128,1016,100
1129,Assessment 1129,943,60
1130,Assessment 1130,49,60
1131,Assessment 1131,33,60
1132,Assessment 1132,619,80
1133,Assessment 1133,695,75
1134,Assessment 1134,105,75
1135,Assessment 1135,424,50
1136,Assessment 1136,1018,100
1137,Assessment 1137,146,80
1138,Assessment 1138,721,50
1139,Assessment 1139,950,50
1140,Assessment 1140,1029,80
1141,Assessment 1141,507,50
1142,Assessment 1142,753,80
1143,Assessment 1143,614,75
1144,Assessment 1144,504,80
1145,Assessment 1145,680,75
1146,Assessment 1146,417,80
1147,Assessment 1147,828,100
1148,Assessment 1148,929,50
1149,Assessment 1149,755,50
1150,Assessment 1150,558,50
1151,Assessment 1151,207,75
1152,Assessment 1152,331,75
1153,Assessment 1153,243,50
1154,Assessment 1154,755,75
1155,Assessment 1155,390,75
1156,Assessment 1156,188,75
1157,Assessment 1157,912,75
1158,Assessment 1158,240,50
1159,Assessment 1159,644,50
1160,Assessment 1160,223,50
1161,Assessment 1161,118,100
1162,Assessment 1162,34,60
1163,Assessment 1163,91,100
1164,Assessment 1164,498,100
1165,Assessment 1165,428,80
1166,Assessment 1166,443,80
1167,Assessment 1167,392,80
1168,Assessment 1168,902,75
1169,Assessment 1169,700,75
1170,Assessment 1170,358,75
1171,Assessment 1171,472,75
1172,Assessment 1172,892,75
1173,Assessment 1173,41,60
1174,Assessment 1174,783,80
1175,Assessment 1175,81,60
1176,Assessment 1176,960,60
1177,Assessment 1177,43,75
1178,Assessment 1178,616,80
1179,Assessment 1179,594,80
1180,Assessment 1180,752,80
1181,Assessment 1181,714,100
1182,Assessment 1182,768,75
1183,Assessment 1183,148,60
1184,Assessment 1184,291,60
1185,Assessment 1185,505,50
1186,Assessment 1186,1028,80
1187,Assessment 1187,446,100
1188,Assessment 1188,729,60
1189,Assessment 1189,879,60
1190,Assessment 1190,171,50
1191,Assessment 1191,962,100
1192,Assessment 1192,521,75
1193,Assessment 1193,716,75
1194,Assessment 1194,50,75
1195,Assessment 1195,42,100
1196,Assessment 1196,182,75
1197,Assessment 1197,556,100
1198,Assessment 1198,102,80
1199,Assessment 1199,679,50
1200,Assessment 1200,109,50
1201,Assessment 1201,1020,100
1202,Assessment 1202,206,60
1203,Assessment 1203,618,80
1204,Assessment 1204,894,50
1205,Assessment 1205,733,60
1206,Assessment 1206,146,100
1207,Assessment 1207,568,75
1208,Assessment 1208,98,60
1209,Assessment 1209,995,100
1210,Assessment 1210,977,75
1211,Assessment 1211,201,60
1212,Assessment 1212,376,100
1213,Assessment 1213,107,75
1214,Assessment 1214,706,60
1215,Assessment 1215,906,60
1216,Assessment 1216,306,100
1217,Assessment 1217,436,80
1218,Assessment 1218,505,50
1219,Assessment 1219,788,80
1220,Assessment 1220,291,75
1221,Assessment 1221,678,75
1222,Assessment 1222,382,75
1223,Assessment 1223,866,50
1224,Assessment 1224,397,50
1225,Assessment 1225,890,100
1226,Assessment 1226,867,100
1227,Assessment 1227,464,75
1228,Assessment 1228,282,75
1229,Assessment 1229,610,50
1230,Assessment 1230,462,60
1231,Assessment 1231,670,60
1232,Assessment 1232,283,60
1233,Assessment 1233,458,50
1234,Assessment 1234,389,100
1235,Assessment 1235,455,60
1236,Assessment 1236,847,80
1237,Assessment 1237,49,50
1238,Assessment 1238,744,50
1239,Assessment 1239,279,50
1240,Assessment 1240,650,80
1241,Assessment 1241,842,50
1242,Assessment 1242,557,60
1243,Assessment 1243,404,60
1244,Assessment 1244,602,50
1245,Assessment 1245,775,100
1246,Assessment 1246,530,80
1247,Assessment 1247,163,80
1248,Assessment 1248,911,75
1249,Assessment 1249,390,80
1250,Assessment 1250,280,60
1251,Assessment 1251,934,100
1252,Assessment 1252,353,75
1253,Assessment 1253,452,75
1254,Assessment 1254,695,75
1255,Assessment 1255,578,80
1256,Assessment 1256,436,60
1257,Assessment 1257,881,50
1258,Assessment 1258,218,60
1259,Assessment 1259,59,100
1260,Assessment 1260,309,75
1261,Assessment 1261,707,50
1262,Assessment 1262,729,50
1263,Assessment 1263,379,100
1264,Assessment 1264,549,50
1265,Assessment 1265,424,75
1266,Assessment 1266,128,75
1267,Assessment 1267,664,60
1268,Assessment 1268,816,60
1269,Assessment 1269,274,60
1270,Assessment 1270,564,100
1271,Assessment 1271,457,60
1272,Assessment 1272,323,75
1273,Assessment 1273,267,80
1274,Assessment 1274,146,100
1275,Assessment 1275,282,80
1276,Assessment 1276,746,50
1277,Assessment 1277,476,60
1278,Assessment 1278,463,60
1279,Assessment 1279,916,75
1280,Assessment 1280,805,100
1281,Assessment 1281,877,50
1282,Assessment 1282,542,50
1283,Assessment 1283,561,75
1284,Assessment 1284,722,75
1285,Assessment 1285,566,60
1286,Assessment 1286,66,50
1287,Assessment 1287,842,75
1288,Assessment 1288,906,80
1289,Assessment 1289,969,50
1290,Assessment 1290,905,50
1291,Assessment 1291,696,75
1292,Assessment 1292,171,60
1293,Assessment 1293,306,100
1294,Assessment 1294,72,100
1295,Assessment 1295,344,50
1296,Assessment 1296,813,50
1297,Assessment 1297,394,60
1298,Assessment 1298,550,75
1299,Assessment 1299,729,50
1300,Assessment 1300,227,75
1301,Assessment 1301,928,50
1302,Assessment 1302,884,80
1303,Assessment 1303,873,50
1304,Assessment 1304,420,60
1305,Assessment 1305,379,60
1306,Assessment 1306,179,50
1307,Assessment 1307,789,60
1308,Assessment 1308,599,60
1309,Assessment 1309,920,80
1310,Assessment 1310,31,75
1311,Assessment 1311,604,100
1312,Assessment 1312,274,100
1313,Assessment 1313,157,80
1314,Assessment 1314,848,100
1315,Assessment 1315,42,100
1316,Assessment 1316,889,50
1317,Assessment 1317,961,100
1318,Assessment 1318,794,60
1319,Assessment 1319,518,75
1320,Assessment 1320,486,60
1321,Assessment 1321,973,100
1322,Assessment 1322,843,100
1323,Assessment 1323,253,60
1324,Assessment 1324,459,80
1325,Assessment 1325,848,100
1326,Assessment 1326,941,100
1327,Assessment 1327,690,60
1328,Assessment 1328,1005,75
1329,Assessment 1329,878,75
1330,Assessment 1330,147,60
1331,Assessment 1331,916,50
1332,Assessment 1332,159,50
1333,Assessment 1333,198,60
1334,Assessment 1334,686,75
1335,Assessment 1335,273,75
1336,Assessment 1336,908,60
1337,Assessment 1337,60,50
1338,Assessment 1338,757,60
1339,Assessment 1339,345,50
1340,Assessment 1340,964,50
1341,Assessment 1341,576,60
1342,Assessment 1342,230,75
1343,Assessment 1343,719,60
1344,Assessment 1344,50,60
1345,Assessment 1345,1030,50
1346,Assessment 1346,811,100
1347,Assessment 1347,649,60
1348,Assessment 1348,949,60
1349,Assessment 1349,579,50
1350,Assessment 1350,343,60
1351,Assessment 1351,33,50
1352,Assessment 1352,615,75
1353,Assessment 1353,175,80
1354,Assessment 1354,582,80
1355,Assessment 1355,321,75
1356,Assessment 1356,622,50
1357,Assessment 1357,950,60
1358,Assessment 1358,62,100
1359,Assessment 1359,121,60
1360,Assessment 1360,226,75
1361,Assessment 1361,733,80
1362,Assessment 1362,525,100
1363,Assessment 1363,877,75
1364,Assessment 1364,696,50
1365,Assessment 1365,531,75
1366,Assessment 1366,639,60
1367,Assessment 1367,385,60
1368,Assessment 1368,995,60
1369,Assessment 1369,392,50
1370,Assessment 1370,955,60
1371,Assessment 1371,201,50
1372,Assessment 1372,778,50
1373,Assessment 1373,802,75
1374,Assessment 1374,873,100
1375,Assessment 1375,1021,75
1376,Assessment 1376,209,100
1377,Assessment 1377,843,100
1378,Assessment 1378,378,75
1379,Assessment 1379,148,60
1380,Assessment 1380,110,80
1381,Assessment 1381,503,80
1382,Assessment 1382,563,60
1383,Assessment 1383,825,60
1384,Assessment 1384,852,75
1385,Assessment 1385,692,80
1386,Assessment 1386,401,100
1387,Assessment 1387,483,75
1388,Assessment 1388,671,60
1389,Assessment 1389,228,100
1390,Assessment 1390,600,80
1391,Assessment 1391,194,60
1392,Assessment 1392,374,80
1393,Assessment 1393,680,50
1394,Assessment 1394,815,60
1395,Assessment 1395,444,75
1396,Assessment 1396,533,100
1397,Assessment 1397,820,100
1398,Assessment 1398,43,75
1399,Assessment 1399,147,60
1400,Assessment 1400,456,100
1401,Assessment 1401,619,75
1402,Assessment 1402,339,100
1403,Assessment 1403,371,80
1404,Assessment 1404,263,50
1405,Assessment 1405,934,75
1406,Assessment 1406,1012,60
1407,Assessment 1407,445,60
1408,Assessment 1408,98,100
1409,Assessment 1409,72,75
1410,Assessment 1410,935,80
1411,Assessment 1411,656,75
1412,Assessment 1412,92,75
1413,Assessment 1413,802,75
1414,Assessment 1414,844,50
1415,Assessment 1415,573,80
1416,Assessment 1416,37,80
1417,Assessment 1417,594,75
1418,Assessment 1418,661,80
1419,Assessment 1419,790,60
1420,Assessment 1420,458,50
1421,Assessment 1421,344,100
1422,Assessment 1422,829,75
1423,Assessment 1423,244,100
1424,Assessment 1424,512,75
1425,Assessment 1425,977,75
1426,Assessment 1426,444,100
1427,Assessment 1427,99,50
1428,Assessment 1428,1004,60
1429,Assessment 1429,402,50
1430,Assessment 1430,806,60
1431,Assessment 1431,863,100
1432,Assessment 1432,591,60
1433,Assessment 1433,777,50
1434,Assessment 1434,359,60
1435,Assessment 1435,511,60
1436,Assessment 1436,1028,75
1437,Assessment 1437,386,100
1438,Assessment 1438,624,50
1439,Assessment 1439,983,60
1440,Assessment 1440,263,80
1441,Assessment 1441,687,60
1442,Assessment 1442,976,75
1443,Assessment 1443,320,75
1444,Assessment 1444,299,50
1445,Assessment 1445,883,75
1446,Assessment 1446,332,100
1447,Assessment 1447,738,50
1448,Assessment 1448,307,50
1449,Assessment 1449,112,80
1450,Assessment 1450,844,75
1451,Assessment 1451,106,100
1452,Assessment 1452,709,50
1453,Assessment 1453,537,50
1454,Assessment 1454,462,50
1455,Assessment 1455,1026,60
1456,Assessment 1456,70,75
1457,Assessment 1457,448,100
1458,Assessment 1458,142,100
1459,Assessment 1459,199,50
1460,Assessment 1460,553,50
1461,Assessment 1461,870,75
1462,Assessment 1462,184,50
1463,Assessment 1463,262,75
1464,Assessment 1464,843,100
1465,Assessment 1465,71,75
1466,Assessment 1466,915,80
1467,Assessment 1467,346,50
1468,Assessment 1468,475,50
1469,Assessment 1469,826,100
1470,Assessment 1470,72,100
1471,Assessment 1471,33,60
1472,Assessment 1472,470,50
1473,Assessment 1473,726,75
1474,Assessment 1474,491,60
1475,Assessment 1475,1001,100
1476,Assessment 1476,738,50
1477,Assessment 1477,714,50
1478,Assessment 1478,619,75
1479,Assessment 1479,201,75
1480,Assessment 1480,341,100
1481,Assessment 1481,545,50
1482,Assessment 1482,563,75
1483,Assessment 1483,889,60
1484,Assessment 1484,717,100
1485,Assessment 1485,750,100
1486,Assessment 1486,610,100
1487,Assessment 1487,600,100
1488,Assessment 1488,893,80
1489,Assessment 1489,256,80
1490,Assessment 1490,436,80
1491,Assessment 1491,521,100
1492,Assessment 1492,590,100
1493,Assessment 1493,913,50
1494,Assessment 1494,677,60
1495,Assessment 1495,403,80
1496,Assessment 1496,869,100
1497,Assessment 1497,897,100
1498,Assessment 1498,1005,75
1499,Assessment 1499,765,50
1500,Assessment 1500,109,80
1501,Assessment 1501,838,60
1502,Assessment 1502,170,75
1503,Assessment 1503,965,80
1504,Assessment 1504,527,80
1505,Assessment 1505,628,100
1506,Assessment 1506,301,75
1507,Assessment 1507,328,100
1508,Assessment 1508,871,80
1509,Assessment 1509,617,80
1510,Assessment 1510,622,60
1511,Assessment 1511,805,100
1512,Assessment 1512,877,100
1513,Assessment 1513,958,50
1514,Assessment 1514,323,80
1515,Assessment 1515,37,100
1516,Assessment 1516,629,75
1517,Assessment 1517,245,80
1518,Assessment 1518,428,80
1519,Assessment 1519,405,75
1520,Assessment 1520,578,60
1521,Assessment 1521,195,50
1522,Assessment 1522,444,75
1523,Assessment 1523,922,60
1524,Assessment 1524,1023,100
1525,Assessment 1525,460,75
1526,Assessment 1526,925,100
1527,Assessment 1527,403,60
1528,Assessment 1528,31,60
1529,Assessment 1529,984,50
1530,Assessment 1530,346,75
1531,Assessment 1531,920,100
1532,Assessment 1532,230,50
1533,Assessment 1533,604,75
1534,Assessment 1534,188,50
1535,Assessment 1535,369,60
1536,Assessment 1536,795,75
1537,Assessment 1537,851,50
1538,Assessment 1538,924,60
1539,Assessment 1539,562,80
1540,Assessment 1540,410,50
1541,Assessment 1541,617,80
1542,Assessment 1542,555,75
1543,Assessment 1543,925,100
1544,Assessment 1544,963,60
1545,Assessment 1545,702,100
1546,Assessment 1546,726,75
1547,Assessment 1547,893,50
1548,Assessment 1548,653,75
1549,Assessment 1549,928,50
1550,Assessment 1550,972,100
1551,Assessment 1551,606,50
1552,Assessment 1552,281,100
1553,Assessment 1553,395,80
1554,Assessment 1554,214,75
1555,Assessment 1555,541,100
1556,Assessment 1556,887,80
1557,Assessment 1557,178,80
1558,Assessment 1558,302,50
1559,Assessment 1559,124,100
1560,Assessment 1560,1016,75
1561,Assessment 1561,76,60
1562,Assessment 1562,548,100
1563,Assessment 1563,957,60
1564,Assessment 1564,537,60
1565,Assessment 1565,52,100
1566,Assessment 1566,659,100
1567,Assessment 1567,657,50
1568,Assessment 1568,624,100
1569,Assessment 1569,831,60
1570,Assessment 1570,103,80
1571,Assessment 1571,188,50
1572,Assessment 1572,829,100
1573,Assessment 1573,585,60
1574,Assessment 1574,942,50
1575,Assessment 1575,469,60
1576,Assessment 1576,398,80
1577,Assessment 1577,152,60
1578,Assessment 1578,331,80
1579,Assessment 1579,73,60
1580,Assessment 1580,924,60
1581,Assessment 1581,685,60
1582,Assessment 1582,1005,60
1583,Assessment 1583,504,60
1584,Assessment 1584,721,80
1585,Assessment 1585,897,50
1586,Assessment 1586,835,100
1587,Assessment 1587,411,60
1588,Assessment 1588,131,60
1589,Assessment 1589,521,50
1590,Assessment 1590,193,80
1591,Assessment 1591,363,100
1592,Assessment 1592,255,75
1593,Assessment 1593,592,80
1594,Assessment 1594,287,75
1595,Assessment 1595,485,80
1596,Assessment 1596,926,100
1597,Assessment 1597,432,50
1598,Assessment 1598,553,75
1599,Assessment 1599,695,100
1600,Assessment 1600,728,80
1601,Assessment 1601,140,100
1602,Assessment 1602,374,100
1603,Assessment 1603,144,100
1604,Assessment 1604,933,60
1605,Assessment 1605,778,60
1606,Assessment 1606,909,50
1607,Assessment 1607,152,75
1608,Assessment 1608,628,75
1609,Assessment 1609,367,60
1610,Assessment 1610,111,80
1611,Assessment 1611,167,80
1612,Assessment 1612,178,50
1613,Assessment 1613,871,80
1614,Assessment 1614,558,75
1615,Assessment 1615,872,75
1616,Assessment 1616,265,50
1617,Assessment 1617,453,80
1618,Assessment 1618,575,100
1619,Assessment 1619,439,80
1620,Assessment 1620,104,80
1621,Assessment 1621,945,100
1622,Assessment 1622,945,50
1623,Assessment 1623,1026,50
1624,Assessment 1624,846,75
1625,Assessment 1625,602,80
1626,Assessment 1626,740,60
1627,Assessment 1627,672,75
1628,Assessment 1628,992,100
1629,Assessment 1629,218,80
1630,Assessment 1630,500,100
1631,Assessment 1631,525,80
1632,Assessment 1632,590,100
1633,Assessment 1633,573,60
1634,Assessment 1634,800,50
1635,Assessment 1635,630,50
1636,Assessment 1636,148,50
1637,Assessment 1637,755,60
1638,Assessment 1638,793,100
1639,Assessment 1639,139,75
1640,Assessment 1640,577,75
1641,Assessment 1641,378,80
1642,Assessment 1642,916,50
1643,Assessment 1643,590,80
1644,Assessment 1644,136,100
1645,Assessment 1645,838,50
1646,Assessment 1646,287,80
1647,Assessment 1647,745,60
1648,Assessment 1648,762,80
1649,Assessment 1649,976,100
1650,Assessment 1650,285,50
1651,Assessment 1651,1023,80
1652,Assessment 1652,517,75
1653,Assessment 1653,685,75
1654,Assessment 1654,49,75
1655,Assessment 1655,508,75
1656,Assessment 1656,718,80
1657,Assessment 1657,247,100
1658,Assessment 1658,850,60
1659,Assessment 1659,131,80
1660,Assessment 1660,116,100
1661,Assessment 1661,58,75
1662,Assessment 1662,598,60
1663,Assessment 1663,1017,75
1664,Assessment 1664,921,80
1665,Assessment 1665,97,60
1666,Assessment 1666,507,60
1667,Assessment 1667,405,80
1668,Assessment 1668,415,80
1669,Assessment 1669,377,60
1670,Assessment 1670,269,50
1671,Assessment 1671,428,80
1672,Assessment 1672,683,75
1673,Assessment 1673,86,75
1674,Assessment 1674,457,100
1675,Assessment 1675,283,60
1676,Assessment 1676,860,50
1677,Assessment 1677,463,80
1678,Assessment 1678,43,100
1679,Assessment 1679,388,75
1680,Assessment 1680,270,60
1681,Assessment 1681,243,100
1682,Assessment 1682,687,80
1683,Assessment 1683,377,80
1684,Assessment 1684,707,80
1685,Assessment 1685,612,100
1686,Assessment 1686,695,80
1687,Assessment 1687,877,75
1688,Assessment 1688,550,80
1689,Assessment 1689,531,50
1690,Assessment 1690,900,100
1691,Assessment 1691,317,100
1692,Assessment 1692,706,60
1693,Assessment 1693,395,100
1694,Assessment 1694,720,60
1695,Assessment 1695,761,100
1696,Assessment 1696,393,50
1697,Assessment 1697,563,80
1698,Assessment 1698,168,80
1699,Assessment 1699,694,60
1700,Assessment 1700,922,80
1701,Assessment 1701,881,50
1702,Assessment 1702,868,100
1703,Assessment 1703,79,80
1704,Assessment 1704,442,100
1705,Assessment 1705,185,75
1706,Assessment 1706,479,100
1707,Assessment 1707,192,50
1708,Assessment 1708,829,100
1709,Assessment 1709,759,75
1710,Assessment 1710,226,80
1711,Assessment 1711,240,75
1712,Assessment 1712,879,75
1713,Assessment 1713,658,80
1714,Assessment 1714,665,80
1715,Assessment 1715,542,75
1716,Assessment 1716,712,60
1717,Assessment 1717,571,100
1718,Assessment 1718,668,100
1719,Assessment 1719,495,75
1720,Assessment 1720,974,80
1721,Assessment 1721,590,100
1722,Assessment 1722,927,75
1723,Assessment 1723,691,50
1724,Assessment 1724,578,100
1725,Assessment 1725,836,100
1726,Assessment 1726,969,75
1727,Assessment 1727,698,50
1728,Assessment 1728,358,80
1729,Assessment 1729,447,50
1730,Assessment 1730,643,50
1731,Assessment 1731,167,80
1732,Assessment 1732,348,75
1733,Assessment 1733,618,100
1734,Assessment 1734,957,75
1735,Assessment 1735,455,100
1736,Assessment 1736,240,60
1737,Assessment 1737,822,100
1738,Assessment 1738,33,60
1739,Assessment 1739,669,80
1740,Assessment 1740,569,50
1741,Assessment 1741,649,80
1742,Assessment 1742,701,60
1743,Assessment 1743,647,100
1744,Assessment 1744,35,75
1745,Assessment 1745,914,80
1746,Assessment 1746,976,100
1747,Assessment 1747,651,50
1748,Assessment 1748,102,100
1749,Assessment 1749,554,80
1750,Assessment 1750,677,75
1751,Assessment 1751,606,80
1752,Assessment 1752,763,60
1753,Assessment 1753,1004,80
1754,Assessment 1754,348,75
1755,Assessment 1755,230,60
1756,Assessment 1756,123,50
1757,Assessment 1757,503,80
1758,Assessment 1758,629,80
1759,Assessment 1759,513,80
1760,Assessment 1760,217,60
1761,Assessment 1761,789,60
1762,Assessment 1762,596,60
1763,Assessment 1763,243,50
1764,Assessment 1764,185,75
1765,Assessment 1765,911,100
1766,Assessment 1766,314,75
1767,Assessment 1767,646,50
1768,Assessment 1768,72,50
1769,Assessment 1769,495,60
1770,Assessment 1770,752,80
1771,Assessment 1771,289,60
1772,Assessment 1772,347,60
1773,Assessment 1773,226,80
1774,Assessment 1774,418,100
1775,Assessment 1775,677,50
1776,Assessment 1776,927,80
1777,Assessment 1777,775,75
1778,Assessment 1778,980,75
1779,Assessment 1779,327,75
1780,Assessment 1780,172,80
1781,Assessment 1781,580,75
1782,Assessment 1782,248,50
1783,Assessment 1783,260,100
1784,Assessment 1784,792,75
1785,Assessment 1785,318,60
1786,Assessment 1786,849,60
1787,Assessment 1787,97,80
1788,Assessment 1788,265,80
1789,Assessment 1789,266,80
1790,Assessment 1790,466,100
1791,Assessment 1791,801,75
1792,Assessment 1792,365,100
1793,Assessment 1793,477,60
1794,Assessment 1794,859,75
1795,Assessment 1795,719,60
1796,Assessment 1796,879,75
1797,Assessment 1797,873,80
1798,Assessment 1798,860,60
1799,Assessment 1799,877,80
1800,Assessment 1800,455,50
1801,Assessment 1801,696,80
1802,Assessment 1802,943,80
1803,Assessment 1803,412,75
1804,Assessment 1804,870,50
1805,Assessment 1805,419,50
1806,Assessment 1806,194,80
1807,Assessment 1807,223,100
1808,Assessment 1808,628,50
1809,Assessment 1809,513,100
1810,Assessment 1810,622,60
1811,Assessment 1811,839,80
1812,Assessment 1812,943,100
1813,Assessment 1813,981,60
1814,Assessment 1814,1022,80
1815,Assessment 1815,150,80
1816,Assessment 1816,724,100
1817,Assessment 1817,411,80
1818,Assessment 1818,758,60
1819,Assessment 1819,404,50
1820,Assessment 1820,815,75
1821,Assessment 1821,208,50
1822,Assessment 1822,721,60
1823,Assessment 1823,464,80
1824,Assessment 1824,349,100
1825,Assessment 1825,802,80
1826,Assessment 1826,357,75
1827,Assessment 1827,444,100
1828,Assessment 1828,730,60
1829,Assessment 1829,386,80
1830,Assessment 1830,800,80
1831,Assessment 1831,1021,100
1832,Assessment 1832,621,80
1833,Assessment 1833,681,50
1834,Assessment 1834,206,50
1835,Assessment 1835,498,80
1836,Assessment 1836,409,80
1837,Assessment 1837,1017,75
1838,Assessment 1838,552,100
1839,Assessment 1839,911,100
1840,Assessment 1840,357,75
1841,Assessment 1841,1024,100
1842,Assessment 1842,796,100
1843,Assessment 1843,793,50
1844,Assessment 1844,520,60
1845,Assessment 1845,994,80
1846,Assessment 1846,455,100
1847,Assessment 1847,285,100
1848,Assessment 1848,407,75
1849,Assessment 1849,179,60
1850,Assessment 1850,943,60
1851,Assessment 1851,56,50
1852,Assessment 1852,213,50
1853,Assessment 1853,847,50
1854,Assessment 1854,619,100
1855,Assessment 1855,628,60
1856,Assessment 1856,372,80
1857,Assessment 1857,61,100
1858,Assessment 1858,320,75
1859,Assessment 1859,624,60
1860,Assessment 1860,282,50
1861,Assessment 1861,436,75
1862,Assessment 1862,514,60
1863,Assessment 1863,438,50
1864,Assessment 1864,165,60
1865,Assessment 1865,128,75
1866,Assessment 1866,757,100
1867,Assessment 1867,854,80
1868,Assessment 1868,81,80
1869,Assessment 1869,380,60
1870,Assessment 1870,300,80
1871,Assessment 1871,324,75
1872,Assessment 1872,1003,75
1873,Assessment 1873,532,60
1874,Assessment 1874,721,60
1875,Assessment 1875,571,80
1876,Assessment 1876,352,60
1877,Assessment 1877,437,75
1878,Assessment 1878,945,100
1879,Assessment 1879,472,60
1880,Assessment 1880,155,100
1881,Assessment 1881,230,60
1882,Assessment 1882,1005,80
1883,Assessment 1883,536,75
1884,Assessment 1884,757,50
1885,Assessment 1885,498,80
1886,Assessment 1886,537,60
1887,Assessment 1887,711,80
1888,Assessment 1888,871,100
1889,Assessment 1889,376,100
1890,Assessment 1890,722,50
1891,Assessment 1891,648,60
1892,Assessment 1892,968,75
1893,Assessment 1893,228,60
1894,Assessment 1894,953,75
1895,Assessment 1895,482,60
1896,Assessment 1896,545,80
1897,Assessment 1897,428,50
1898,Assessment 1898,890,50
1899,Assessment 1899,578,75
1900,Assessment 1900,747,50
1901,Assessment 1901,621,100
1902,Assessment 1902,234,50
1903,Assessment 1903,1000,80
1904,Assessment 1904,688,50
1905,Assessment 1905,46,50
1906,Assessment 1906,851,50
1907,Assessment 1907,355,75
1908,Assessment 1908,431,80
1909,Assessment 1909,837,100
1910,Assessment 1910,685,100
1911,Assessment 1911,270,75
1912,Assessment 1912,736,75
1913,Assessment 1913,692,80
1914,Assessment 1914,532,60
1915,Assessment 1915,614,75
1916,Assessment 1916,49,100
1917,Assessment 1917,464,80
1918,Assessment 1918,933,75
1919,Assessment 1919,228,60
1920,Assessment 1920,81,80
1921,Assessment 1921,58,60
1922,Assessment 1922,938,60
1923,Assessment 1923,804,80
1924,Assessment 1924,864,50
1925,Assessment 1925,112,75
1926,Assessment 1926,591,50
1927,Assessment 1927,944,50
1928,Assessment 1928,495,100
1929,Assessment 1929,355,75
1930,Assessment 1930,649,80
1931,Assessment 1931,39,75
1932,Assessment 1932,685,100
1933,Assessment 1933,372,60
1934,Assessment 1934,90,75
1935,Assessment 1935,737,80
1936,Assessment 1936,378,50
1937,Assessment 1937,943,60
1938,Assessment 1938,732,75
1939,Assessment 1939,109,75
1940,Assessment 1940,870,80
1941,Assessment 1941,938,80
1942,Assessment 1942,251,75
1943,Assessment 1943,192,80
1944,Assessment 1944,778,75
1945,Assessment 1945,867,75
1946,Assessment 1946,750,75
1947,Assessment 1947,498,50
1948,Assessment 1948,326,50
1949,Assessment 1949,432,100
1950,Assessment 1950,288,60
1951,Assessment 1951,438,60
1952,Assessment 1952,426,75
1953,Assessment 1953,338,75
1954,Assessment 1954,851,100
1955,Assessment 1955,166,50
1956,Assessment 1956,454,80
1957,Assessment 1957,274,80
1958,Assessment 1958,84,75
1959,Assessment 1959,478,50
1960,Assessment 1960,985,100
1961,Assessment 1961,317,75
1962,Assessment 1962,446,60
1963,Assessment 1963,404,100
1964,Assessment 1964,822,80
1965,Assessment 1965,843,50
1966,Assessment 1966,253,100
1967,Assessment 1967,948,80
1968,Assessment 1968,758,50
1969,Assessment 1969,697,75
1970,Assessment 1970,343,50
1971,Assessment 1971,491,75
1972,Assessment 1972,836,100
1973,Assessment 1973,770,100
1974,Assessment 1974,315,100
1975,Assessment 1975,434,60
1976,Assessment 1976,567,100
1977,Assessment 1977,512,75
1978,Assessment 1978,563,100
1979,Assessment 1979,141,50
1980,Assessment 1980,494,50
1981,Assessment 1981,72,60
1982,Assessment 1982,117,100
1983,Assessment 1983,465,50
1984,Assessment 1984,979,80
1985,Assessment 1985,330,75
1986,Assessment 1986,440,60
1987,Assessment 1987,703,100
1988,Assessment 1988,732,60
1989,Assessment 1989,749,100
1990,Assessment 1990,381,80
1991,Assessment 1991,207,100
1992,Assessment 1992,832,75
1993,Assessment 1993,283,60
1994,Assessment 1994,405,75
1995,Assessment 1995,311,50
1996,Assessment 1996,616,50
1997,Assessment 1997,114,60
1998,Assessment 1998,736,60
1999,Assessment 1999,762,80
2000,Assessment 2000,589,100
2001,Assessment 2001,456,75
2002,Assessment 2002,713,100
2003,Assessment 2003,678,60
2004,Assessment 2004,233,50
2005,Assessment 2005,628,100
2006,Assessment 2006,365,80
2007,Assessment 2007,866,60
2008,Assessment 2008,800,75
2009,Assessment 2009,762,80
2010,Assessment 2010,925,50
2011,Assessment 2011,573,75
2012,Assessment 2012,456,80
2013,Assessment 2013,300,50
2014,Assessment 2014,378,75
2015,Assessment 2015,535,50
2016,Assessment 2016,476,50
2017,Assessment 2017,64,60
2018,Assessment 2018,134,100
2019,Assessment 2019,931,100
2020,Assessment 2020,1019,80
2021,Assessment 2021,661,50
2022,Assessment 2022,192,75
2023,Assessment 2023,642,80
2024,Assessment 2024,262,50
2025,Assessment 2025,699,75
2026,Assessment 2026,119,100
2027,Assessment 2027,669,100
2028,Assessment 2028,476,75
2029,Assessment 2029,481,100
2030,Assessment 2030,531,100
